﻿{"Config":{"RememberParam":false,"AggregatedBlurSearch":false,"AutoReadClipboard":false,"AutoCheckUpdate":false,"IgnorePureMusicInSave":false,"SeparateFileForIsolated":false,"OutputFileNameFormat":"${name} - ${singer}","OutputLyricTypes":"0,1","QQMusicCookie":"","NetEaseCookie":"","TransConfig":{"LostRule":0,"MatchPrecisionDeviation":0,"RomajiModeEnum":1,"RomajiSystemEnum":2,"BaiduTranslateAppId":"","BaiduTranslateSecret":"","CaiYunToken":""}},"Param":{"SearchSource":0,"SearchType":0,"ShowLrcType":0,"LrcMergeSeparator":"","LrcTimestampFormat":"[mm:ss.SSS]","SrtTimestampFormat":"HH:mm:ss,SSS","EnableVerbatimLyric":false,"IgnoreEmptyLyric":true,"DotType":0,"OutputFileFormat":0,"Encoding":0}}